geoid,state,lat,long
78010971200,United States Virgin Islands,17.694270130562078,-64.86168696802443
78010971300,United States Virgin Islands,17.703301734124018,-64.84138752321688
78010971100,United States Virgin Islands,17.70390115404421,-64.87792738190308
78010971400,United States Virgin Islands,17.70558193466296,-64.78832761925347
78010970900,United States Virgin Islands,17.722216996713605,-64.82682265167244
78010970400,United States Virgin Islands,17.723128427675533,-64.69795939887295
78010971500,United States Virgin Islands,17.728996644687932,-64.76370787644888
78010970800,United States Virgin Islands,17.734861080800194,-64.79191288050838
78010970500,United States Virgin Islands,17.7367664974098,-64.74534985664087
78010970200,United States Virgin Islands,17.741047995981297,-64.69556079843537
78010971000,United States Virgin Islands,17.74458648754081,-64.85224522659412
78010970100,United States Virgin Islands,17.748795767810375,-64.63294386283833
78010970300,United States Virgin Islands,17.752882073684077,-64.72894120918392
78010970600,United States Virgin Islands,17.762462849137005,-64.75792581179158
78010970700,United States Virgin Islands,17.76392428764584,-64.79057609032687
78030960900,United States Virgin Islands,18.317319626566864,-64.89619156383307
78030960700,United States Virgin Islands,18.31977506481445,-64.85316567697896
78020950200,United States Virgin Islands,18.3252690382791,-64.77818474908051
78030960200,United States Virgin Islands,18.3333703146356,-64.88777781560869
78030960800,United States Virgin Islands,18.335065824663197,-64.96167089813174
78030961000,United States Virgin Islands,18.338093350966794,-64.93868496891328
78030961100,United States Virgin Islands,18.33829012235889,-64.91416456952192
78020950100,United States Virgin Islands,18.341156016223753,-64.73293826240412
78030960100,United States Virgin Islands,18.34356352360646,-64.8656027548056
78030961200,United States Virgin Islands,18.344702212122275,-64.92599159481396
78030960300,United States Virgin Islands,18.3458226127349,-64.89053102269585
78030960600,United States Virgin Islands,18.34892735453608,-64.9503271893083
78030960500,United States Virgin Islands,18.35819822750184,-64.98986371953075
78030960400,United States Virgin Islands,18.365286906223393,-64.91278052534972
