geoid,state,lat,long
69100950100,Commonwealth of the Northern Mariana Islands,14.15733143240396,145.2144968059752
69120950102,Commonwealth of the Northern Mariana Islands,14.852434795674656,145.55866603546338
69120950101,Commonwealth of the Northern Mariana Islands,14.970152910483055,145.62462055052058
69120950201,Commonwealth of the Northern Mariana Islands,14.98053750913058,145.64873215699387
69120950202,Commonwealth of the Northern Mariana Islands,15.03700962739174,145.6215434997231
69110001300,Commonwealth of the Northern Mariana Islands,15.116002226998239,145.7288414036735
69110001200,Commonwealth of the Northern Mariana Islands,15.128755677188314,145.6970217716342
69110001100,Commonwealth of the Northern Mariana Islands,15.13433017262228,145.7032910816168
69110001400,Commonwealth of the Northern Mariana Islands,15.13595369740935,145.73022793122857
69110001000,Commonwealth of the Northern Mariana Islands,15.143194487501276,145.71684704075324
69110000900,Commonwealth of the Northern Mariana Islands,15.145981401685598,145.70560547174597
69110990000,Commonwealth of the Northern Mariana Islands,15.150610714424122,145.78981429347596
69110000800,Commonwealth of the Northern Mariana Islands,15.15679363840378,145.70900368337365
69110001500,Commonwealth of the Northern Mariana Islands,15.166332649896061,145.74448076598745
69110001600,Commonwealth of the Northern Mariana Islands,15.167493620152312,145.7787415894368
69110000700,Commonwealth of the Northern Mariana Islands,15.171886998208164,145.7222015135721
69110000600,Commonwealth of the Northern Mariana Islands,15.190010092844924,145.72376573522408
69110000500,Commonwealth of the Northern Mariana Islands,15.199947037970517,145.73414747748484
69110000400,Commonwealth of the Northern Mariana Islands,15.207303601080929,145.71864865073653
69110001700,Commonwealth of the Northern Mariana Islands,15.210135165484333,145.7644506471213
69110000300,Commonwealth of the Northern Mariana Islands,15.219946661850239,145.7363558337337
69110000200,Commonwealth of the Northern Mariana Islands,15.237740496101086,145.75672092096252
69110000100,Commonwealth of the Northern Mariana Islands,15.257841915738343,145.80042689165074
69085950100,Commonwealth of the Northern Mariana Islands,17.958930799147897,145.69146647751148
